,Ticker,Tweets,Time
0,FB,"@shazzer17 If you're having trouble logging in, please visit our Help Center for troubleshooting tips: https://t.co/1SITPzO0N3. -RA",2021-04-22 22:13:47
1,FB,"On #EarthDay, sharing that Facebook's operations are now 100% supported by renewable energy and we've reached net zero emissions. 
 
It‚Äôs on all of us to limit climate change and this is our latest step to reduce our footprint. https://t.co/nkJT4t2JEQ",2021-04-22 18:15:07
2,FB,"Kimeona, a native of Oahu, lives and breathes ""Aloha  ªƒÄina"" (love for the land) and has made ""MƒÅlama 'ƒÄina"" (caring for the land) his life's work. So when he learned about @808Cleanups, a nonprofit committed to restoring Hawaii‚Äôs natural beauty, he knew he'd found his calling. https://t.co/bIH1jwZa9F",2021-04-22 14:00:01
3,FB,"Visit national parks virtually, shop sustainable businesses, sign up to volunteer and so much more. Get all the details üëáhttps://t.co/TiJHGbsfrE",2021-04-22 13:02:33
4,FB,Raise money for environmental causes on Facebook and Instagram by starting or donating to a fundraiser. https://t.co/xPawNVhKdX,2021-04-22 13:01:39
5,FB,"Check out more ways you can take action on climate change and make a difference. 
 
Visit our Climate Science Information Center to find the latest info and resources from leading orgs ‚Äì including a special event today with @EarthDay.
 
https://t.co/2wLofeecLh https://t.co/H1oUbcgUS3",2021-04-22 13:00:53
6,FB,"Celebrate #EarthDay with @BillNye, @justinbieber and more of your favorites who share how we can all help save the planet. 

Streaming now only on @FacebookWatch  https://t.co/f1IwHLpJGR",2021-04-22 13:00:16
7,FB,"@J_Reisinger Hi Justin. If you think your account was hacked or taken over by someone else, we can help you secure it. Learn more in our Help Center here: https://t.co/MLhGANiXsm. -NDN",2021-04-22 12:41:35
8,FB,"@_dankelly_ Hi Dan. As for now, you can only use the Facebook website and Messenger app in dark mode. Please share feedback about your experience with us here: https://t.co/gRpkfcrxm2. -IK",2021-04-21 17:07:02
9,FB,"@jovel_merino Hi @jovel_merino. If your account has been disabled, you can appeal our decision here: https://t.co/AvrMnu9un2. Hope this helps. -IK",2021-04-20 17:29:05
10,FB,"@poskei Hi @poskei. If you're having trouble logging in to your Facebook account, here are some things you can try: https://t.co/ZeIulKzILb. -IK",2021-04-20 17:28:26
11,FB,"@OluseyiAdenusi We appreciate your enthusiasm, @OluseyiAdenusi! -IK",2021-04-20 17:26:42
12,FB,"Wayne loves to admire the landscape around his desert community, but he grew concerned about the amount of trash he found dumped across the land. So he started the Golden Valley Cactus Cleaners Facebook Group as a way to unite his neighbors and help keep their community clean. https://t.co/qmzmvkNzQZ",2021-04-20 14:00:01
13,FB,"@September_Joy To learn more about changing your name on Facebook, please visit our Help Center: https://t.co/CcScd1x0UA. -RA",2021-04-19 22:49:31
14,FB,"@tstewarthr14 If you believe your account was taken over by someone else, please secure it here: https://t.co/Xn9mCxzAZJ. -RA",2021-04-19 22:48:51
15,FB,"@Puran2002 If you think your account has been disabled, please visit our Help Center for more information: https://t.co/phDMxg0uAE. -RA",2021-04-19 22:46:51
16,FB,"@SagarDh30851531 If you believe your account was taken over by someone else, please secure it here: https://t.co/Xn9mCxzAZJ. -RA",2021-04-19 22:45:09
17,FB,"Excited to give you more ways to express yourself and connect with people using new audio features.

Consider it like having a sound studio in your pocket by being able to create audio clips, listen to podcasts and use Live Audio Rooms.

https://t.co/cmV2Ybjgx5 https://t.co/DVwVPwmXx1",2021-04-19 18:26:28
18,FB,"@cyndierella100 Hi @cyndierella100. If the email address associated with the Facebook account has changed, your daughter can reverse it by following these steps: https://t.co/MLhGANiXsm. In case the problem persists, please let us know here: https://t.co/0JSs3GKhjW. -IK",2021-04-19 15:49:50
19,FB,"@MShuganah Hi @MShuganah. If you're having trouble logging in to your Facebook account, here are some things you can try: https://t.co/ZeIulKzILb. Hope this helps. -IK",2021-04-19 15:49:30
20,FB,"@Afrojalipro Hi Afroj. If you're experiencing this issue again, please follow the instructions in the Help Center article: https://t.co/MLhGANiXsm. -NDN",2021-04-16 22:23:27
21,FB,"@spenschwartz Hi @spenschwartz. If the email address associated with the Facebook account has been changed, it is possible to reverse it by following the steps described in the last paragraph of this Help Center article: https://t.co/MLhGANiXsm. -IK",2021-04-16 22:22:10
22,FB,"@GaryInTx Hi Gary. Thanks for reaching out. If you do not have access to the phone number or email address linked to your account, you can find out how you can reset your password by following this link to our Help Center: https://t.co/oNUCsNFlpJ. We hope this helps. -NDN",2021-04-16 22:20:31
23,FB,"@kamigarcia Hi Kami. If you think your account was hacked or taken over by someone else, we can help you secure it. Learn more in our Help Center: https://t.co/MLhGANiXsm. -NDN",2021-04-16 22:17:01
24,FB,"@XeoRepublic Hi Alexander. Thanks for reaching out. If you do not have access to the phone number or email address linked to your account, you can find out how you can reset your password by following this link to our Help Center: https://t.co/oNUCsNFlpJ. We hope this helps. -NDN",2021-04-16 22:16:05
25,FB,"@J_Reisinger Hi Justin. If you still see purchases that you don't recognize and/or believe that someone has hacked your ad account, please let us know here:https://t.co/WBF7oFqTqW. -NDN",2021-04-16 22:14:52
26,FB,"@mekozar Hi @@mekozar. Please let us know more about the issue you're experiencing by following these steps, and we'll have a look: https://t.co/rAFjFP5M8Y. -IK",2021-04-16 22:13:42
27,FB,"@DharmaR67311702 Hi Dharma. If you think your account was hacked or taken over by someone else, we can help you secure it. Learn more in our Help Center: https://t.co/MLhGANiXsm. -NDN",2021-04-16 22:13:04
28,FB,"@ayyfergg01 To request a new password, click the Forgot Your Password link on the Facebook login page. If you are still having trouble, please visit our help center here: https://t.co/1SITPzO0N3. -RA",2021-04-15 22:05:26
29,FB,"@Scotch_Offical If you think your account has been disabled, please visit our Help Center for more information: https://t.co/phDMxg0uAE. -RA",2021-04-15 22:02:43
30,FB,"@rhianacosterx Hi Rhiana. If you're still experiencing this issue, the next time it happens, please use the ‚ÄúReport a Problem‚Äù link on your account to let us know more about what you're seeing. Learn how in our Help Center: https://t.co/rAFjFP5M8Y. -NDN",2021-04-14 17:36:49
31,FB,"@adnarim Hi Miranda. Thank you for the feedback! If there is something we can do to improve your experience, please let us know at: https://t.co/gRpkfcJ8dA. -NDN",2021-04-14 17:24:04
32,FB,"@oriannacg22 Hello Orianna. If you believe your ad account has been disabled by mistake, you can visit Account Quality to find out more information and request another review: https://t.co/3r4g9jlD28. -IK",2021-04-14 17:09:53
33,FB,"@KinzieGroup Hello @KinzieGroup. If one of the admins was hacked, and you have issues accessing your Page, please contact us here: https://t.co/l8SOGIB4Nh. In case your Facebook Page was taken over by someone else, please follow these steps to secure it: https://t.co/bFPWq32rB3. -IK",2021-04-14 16:44:12
34,FB,@K2020Cat Hi @K2020Cat. Your account could have been hacked or taken over. Please visit this page to secure it: https://t.co/MLhGANiXsm. Hope this helps. -IK,2021-04-14 16:43:34
35,FB,"@spenschwartz Hi @spenschwartz. Your parents can secure their accounts here: https://t.co/Xn9mCxzAZJ. Alternatively, they can use our guided help: https://t.co/0tYhjLgqHR. Hope this helps. -IK",2021-04-14 16:40:38
36,FB,"@_Hyrije_ Hi Hyrije. Please contact us via this form, and we will have a look at your case: https://t.co/gZwdkCeCUi. -IK",2021-04-14 16:40:00
37,FB,"@ianconyers We love the connection you've made, Ian! Thank you for sharing this with us. ü•∞ -NDN",2021-04-14 16:37:03
38,FB,"@faganca If you believe your account was taken over by someone else, please secure it here: https://t.co/Xn9mCxzAZJ. -RA",2021-04-13 20:56:51
39,FB,"@Biter45 Hi @Biter45. If your problem persists, please fill in this form, and we will have a look: https://t.co/0JSs3GKhjW. -IK",2021-04-13 20:28:08
40,FB,"@Jenny_Halvorson Hi Jen. If you think your account was hacked or taken over by someone else, we can help you secure it. Learn more in our Help Center: https://t.co/MLhGANiXsm. -NDN",2021-04-13 20:26:07
41,FB,@AngeliYuson Hi Angeli. Please report the feature that isn't working correctly to us by following these instructions: https://t.co/rAFjFP5M8Y. Hope this helps. -IK,2021-04-13 20:25:25
42,FB,"@bethd1521993 Hello Beth. If your dad is having trouble logging in to his Facebook account, here are some tips he can try: https://t.co/ZeIulKzILb. -IK",2021-04-13 20:24:54
43,FB,"@_Hyrije_ Hi Hyrije. If the email address associated with your Facebook account has changed, you will be able to reverse it. Please secure your account by following the steps described here: https://t.co/MLhGANiXsm. -IK",2021-04-13 20:23:26
44,FB,"@arjunkm02 Hi Arjun. Please make sure that you're following these instructions while merging your Pages: https://t.co/enlvyGM4BF. If the problem persists, let us know by filling in this form: https://t.co/vxiVPW4Nk6. -IK",2021-04-13 20:21:53
45,FB,@DARDANI47266061 Can you please share more details about what you're experiencing? -IK,2021-04-13 20:19:03
46,FB,"@CatalinSabau3 Thank you for bringing this to our attention, Catalin. Please use this form to let us know more about the issue you're experiencing: https://t.co/vxiVPW4Nk6. -IK",2021-04-13 20:17:27
47,FB,@Kromback1 Hi Mario. You can only add a third-party authentication app or other two-factor authentication method if you already have access to your Facebook account. Learn more in our Help Center here: https://t.co/JSYdNcyQxK. -NDN,2021-04-13 20:14:47
48,FB,@AlexDailyy Hi Alex. To report something that is not working please visit our Help Center here: https://t.co/rAFjFP5M8Y. -NDN,2021-04-13 20:13:40
49,FB,"Ramadan Mubarak üåô
 
This #MonthofGood, check out all the ways you can show kindness and give back across our apps.
 
https://t.co/ULodxCmlWx",2021-04-13 17:17:18
50,FB,"@MeenalK1 Hi Meenal. Do you have the reference numbers for your submitted queries, please? -NDN",2021-04-12 22:22:13
51,FB,"@Afrojalipro Thanks for updating us, Afroj! We're so happy to hear that. Have a wonderful week ahead. -NDN",2021-04-12 22:18:04
52,FB,"@CallandManning Hi Calland. If you do not have access to the phone number or email address linked to your account, you can find out how you can reset your password by following this link to our Help Center: https://t.co/oNUCsNFlpJ. We hope this helps. -NDN",2021-04-12 22:15:14
53,FB,@BHARTINANDAN4 Hello! Please visit this Help Center article if you are having issues logging into your account. https://t.co/ZeIulKzILb -RA,2021-04-12 20:50:37
54,FB,@weathermatt22 Hi Matt. Please visit our Help Center to report an issue with verifying your account: https://t.co/H45UnJP46p. -VN,2021-04-12 20:47:20
55,FB,"Grateful to partner with @ravenswoodfhn to host a COVID-19 vaccination clinic at our Menlo Park headquarters. 

We're also partnering with nonprofits across CA to support other pop-up clinics. We hope to help up to 10K people get vaccinated, especially those hardest hit by COVID. https://t.co/15yuCVvLc7",2021-04-09 21:05:18
56,FB,"@mequisite Please try taking these steps to solve the login issues: https://t.co/ZeIulKzILb. In case your problem continues, you can fill in this form, and we will have a look: https://t.co/ZeIulKzILb. -IK",2021-04-09 18:24:15
57,FB,"@lydimoo Hi Lydia. Which device are you using to access Facebook, please? -NDN",2021-04-09 18:21:18
58,FB,"@Biter45 Hi @Biter45. If you didn't receive the code, please troubleshoot your issue here: https://t.co/8pFzIKzGbm. Hope this helps. -IK",2021-04-09 18:20:07
59,FB,"@David_Francis84 Hi, David. If your problems with login in continues, please let us know here, and we will have a look: https://t.co/gZwdkCeCUi. -IK",2021-04-09 18:19:16
60,FB,"@Afrojalipro Hi Afroj. If you think your account was hacked or taken over by someone else, we can help you secure it. Learn more in our Help Center: https://t.co/MLhGANiXsm. -NDN",2021-04-09 18:15:24
61,FB,"@jaredfour Hi Jared. If you think your account was hacked or taken over by someone else, we can help you secure it. Learn more in our Help Center: https://t.co/MLhGANiXsm. -NDN",2021-04-09 18:13:00
62,FB,"@ZachMiner11 Hi Zach. If you think your account was hacked or taken over by someone else, we can help you secure it. Learn more in our Help Center: https://t.co/MLhGANiXsm. -NDN",2021-04-09 18:10:52
63,FB,"@CallandManning Hi Calland. If you think your account was hacked or taken over by someone else, we can help you secure it. Learn more in our Help Center: https://t.co/MLhGANiXsm. -NDN",2021-04-09 18:06:50
64,FB,@oddw1re Hi Oddw1re. We have fewer people available to review IDs because of the coronavirus (COVID-19) pandemic. We‚Äôre trying hard to prioritise reviews for the most urgent cases. This means we may be unable to review your ID or it may take longer than usual. -NDN,2021-04-09 18:05:54
65,FB,"@othonsantillan Hi Othon. If you think your account was hacked or taken over by someone else, we can help you secure it. Learn more in our Help Center: https://t.co/MLhGANiXsm. -NDN",2021-04-09 18:05:07
66,FB,"And we‚Äôre back! Earlier today, a configuration change caused Facebook services to be unavailable to some people. Since then, we have quickly investigated and resolved the issue.",2021-04-08 23:15:25
67,FB,"RT @fbnewsroom: Small businesses are the backbone of our communities.

In February, we surveyed more than 35,000 small business owners arou‚Ä¶",2021-04-08 18:22:09
68,FB,"@joselinerb92 Hi Joseline. If you think your account was hacked or taken over by someone else, we can help you secure it. Learn more in our Help Center: https://t.co/MLhGANiXsm. -NDN",2021-04-08 14:31:58
69,FB,"@kathygoldman Hi Kathy. We're sorry this is happening to you. If you‚Äôre having trouble logging into your account, please visit our Help Center to learn how to troubleshoot your issue: https://t.co/BfdAgaFAmE. Hope this helps. -NDN",2021-04-08 14:31:40
70,FB,"@MeenalK1 Hi Meenal K. To learn what to do if you can't access Marketplace, please visit our Help Center here: https://t.co/rVzteXgChv. Hope this helps! -NDN",2021-04-08 14:30:25
71,FB,"@angerrises Hi Angerrises. Thanks for reaching out. If you do not have access to the phone number or email address linked to your account, you can find out how you can reset your password by following this link to our Help Center: https://t.co/oNUCsNFlpJ. We hope this helps. -NDN",2021-04-08 14:30:10
72,FB,"@AbrarAl14284288 Hi Abrar. If you think your account was hacked or taken over by someone else, we can help you secure it. Learn more in our Help Center: https://t.co/MLhGANiXsm. -NDN",2021-04-08 14:29:49
73,FB,"@David_Francis84 Hi David. Please try securing your account following this advice: https://t.co/MLhGANiXsm. If your email has been changed, you can reverse it by taking the steps described in the last paragraph. -IK",2021-04-08 14:21:33
74,FB,"@Biter45 Hi @Biter45. f you're having trouble logging in to your Facebook account, here are some things you can try: https://t.co/ZeIulKzILb. -IK",2021-04-08 14:21:18
75,FB,"@Kbalz_ Hi Kbalz. If something‚Äôs not working in Messenger, try updating the app. If it‚Äôs still not working after updating, visit our Help Center link to learn more about how you can report it to us: https://t.co/Q45qfp9Vm6. -NDN",2021-04-08 14:21:00
76,FB,"@ivanovic_mamake Hi Mamake. Thank you for your message. If your account has been disabled, you'll need to submit an appeal using the email that was connected to your Facebook account. For more information please go to our Help Center page: https://t.co/phDMxg0uAE. -NDN",2021-04-08 14:20:40
77,FB,"@super_plastic69 Hi Super. Thank you for your message! For business-related questions, please reach out to our team on the Facebook for Business Page: https://t.co/s3UdvvTPYh. -NDN",2021-04-08 14:20:14
78,FB,"@SumanRu57920470 Hi Suman. If you think your account was hacked or taken over by someone else, we can help you secure it. Learn more in our Help Center: https://t.co/MLhGANiXsm. -NDN",2021-04-08 14:19:34
79,FB,"@lydimoo Hi Lydia. If you're using the Facebook App on a mobile device, you can use your device's built-in accessibility features to make Facebook appear larger. Please follow the Help Center link here to learn more about how to do this: https://t.co/oDbQ4SMCB2. -NDN",2021-04-08 14:16:56
80,FB,@mequisite Hi @mequisite. Please look for instructions in the last paragraph of the article that we have sent out. -IK,2021-04-08 14:13:43
81,FB,"RT @fbnewsroom: Today is World Health Day, and we‚Äôre working with @WHO and @UNICEF to help people raise awareness and support for the COVID‚Ä¶",2021-04-07 19:53:19
82,FB,"FitMix Communities is a nonprofit org dedicated to bringing fitness &amp; wellness classes to underserved communities. When the pandemic hit, they turned to Facebook to host free virtual classes ‚Äì ranging from Zumba to Bootcamp to yoga ‚Äì to help keep the community connected &amp; moving. https://t.co/TX6iS310w5",2021-04-07 17:13:17
83,FB,"@Yanzhee3 I wish this band was around when I was a teenager, @Yanzhee3. They're great! -IK",2021-04-07 13:48:47
84,FB,@LeahMcGrathRD Hi Leah. You can find answers to the most common questions about Facebook Groups management here: https://t.co/iJ8mFgQ8pb. Hope this helps. -IK,2021-04-07 13:48:09
85,FB,"@Tevin_POA2020 Hello @Tevin_POA2020. You can fill out this form to request a review of your disabled account: https://t.co/AvrMnu9un2. If you suspect that your profile was hacked, please secure it here: https://t.co/362Xgo9U4O. -IK",2021-04-07 13:46:56
86,FB,@1a_stay Hi @1a_stay. Please let us know how we can improve your Facebook experience by filling in this form: https://t.co/gRpkfcJ8dA. -IK,2021-04-07 13:41:21
87,FB,"@mequisite Hi @mequisite. If you think your account has been hacked or taken over, you should visit this page to secure it: https://t.co/MLhGANiXsm. Hope this helps. -IK",2021-04-07 13:39:42
88,FB,"@rohitverma137 Hi Rohit. Thanks for your message. One-time passwords are not available if you have two-factor authentication turned on. On the other hand, you can use a one-time password to log in to your Facebook account any time, learn more here: https://t.co/KHnNZdJW6g. -NDN",2021-04-06 13:14:48
89,FB,"@GhettoLove820 Hi Marcus. Thanks for your message. If you think your account has been hacked or taken over, you should visit our Help Center to secure your account: https://t.co/MLhGANiXsm. We'll ask you to change your password and review recent login activity. -NDN",2021-04-06 13:14:35
90,FB,"@SMhethre Hi Shrinivas. Thanks for flagging this to us. To report someone who's pretending to be you or someone else, first determine if you're reporting a profile or a Page. You can learn more about how to this in our Help Center article here: https://t.co/vSEG9BnTso. -NDN",2021-04-06 13:13:52
91,FB,"@letnikkitellit Hi Champagne. Thanks for your message. If you think your account has been hacked or taken over, you should visit this page to secure your account: https://t.co/MLhGANiXsm. We'll ask you to change your password and review recent login activity. Hope this helps. -NDN",2021-04-06 13:11:11
92,FB,@_njwebster Hi Nicola. Congratulations on passing your Community Manager certification exam! -NDN,2021-04-06 13:08:48
93,FB,"When schools around the world closed due to the pandemic, teachers had to find new ways to keep kids engaged &amp; learning. That‚Äôs when one educator, Kirsten D., created the Global Educator Collective, a community where her colleagues could share ideas and support each other. https://t.co/opOKxOa9rJ",2021-04-02 20:21:43
94,FB,"Try out COVID-19 vaccine profile frames in the US. 

We created them in partnership with @CDCgov and @HHSGov so you can share your support for the vaccines and encourage others to do the same. 

Go to https://t.co/y1TwQVSiWu https://t.co/i8g5pT2wxQ",2021-04-01 16:41:25
95,FB,"@iamshubhamw Hi Shubham. Thanks for your message. If you're not receiving your two-factor authentication codes by phone or authentication app, there are still things you can do here: https://t.co/OyK6VFmx96. We hope this helps. -NDN",2021-04-01 13:11:51
96,FB,@Sudhans83787731 Hi Sudhanshu. If you'd like to change your password on Facebook please follow the instructions in the Help Center article here: https://t.co/BGsiQtE3NO. We hope this helps. -NDN,2021-04-01 13:09:42
97,FB,@MissCorona_92 Hi @MissCorona_92. Please scroll down to the bottom of the screen and click on Get Started next to the Still Need Help section. You can check Page name requirements here: https://t.co/fS8LaQ0wYz. Hope this helps. -IK,2021-04-01 13:08:50
98,FB,"@Maddy13590 Hi there. For more information on advertising account restrictions, please visit our Help Center here: https://t.co/L9YMfExEb9. -RM",2021-03-31 17:33:45
99,FB,@MissCorona_92 Hi @MissCorona_92. You can chat to one of our representatives via Facebook Business Help Center: https://t.co/l68M6W6NHV. -IK,2021-03-31 15:12:25
100,FB,"@Th3Renegad3 In this case, please let us know more about this problem via the following form: https://t.co/gZwdkCeCUi. -IK",2021-03-31 14:58:28
101,FB,"@ahop13 Hi Angie. If the problem persists, please fill in this form, and we'll have a look: https://t.co/gZwdkCeCUi. -IK",2021-03-31 12:25:06
102,FB,"@wilmafl29994767 Hi there. If you believe your account was taken over by someone else, please secure it here: https://t.co/Xn9mCxzAZJ. -RM",2021-03-30 18:28:05
103,FB,@JamesStratton36 What a precious moment to be able to remember again and again! üåü -RM,2021-03-30 18:23:44
104,FB,@Tevin_POA2020 Hi there. Please visit our Help Center to request a review of a disabled account here: https://t.co/AvrMnu9un2. -RM,2021-03-30 18:22:00
105,FB,"In this last chapter of Women x Women, we brought together the final pieces of advice from @GenWomenUS, @L0VEISPROJECT, and @MMATAband that we shared throughout Women‚Äôs History Month. Revisit the individual stories of these powerful women in our feed. https://t.co/zwk7tMNT8h",2021-03-30 14:00:00
106,FB,"@Amrghazy1710 Hi @Amrghazy1710. If you have already tried all the options listed in Help Center, please fill in this form, and we will take a look at your case: https://t.co/GkYB46ZbJ0. -IK",2021-03-30 12:48:33
107,FB,@Th3Renegad3 Hi @Th3Renegad3. Please use our hacked account guided help tool that will walk you through the steps to resolve your issue: https://t.co/362Xgo9U4O. -IK,2021-03-30 12:44:31
108,FB,"@BalletgurlKS Hi there. If your account was disabled and you think we have made a mistake, please let us know via this form, and we will have a look: https://t.co/AvrMnu9un2. -IK",2021-03-30 12:44:15
109,FB,"@ahop13 Hi @ahop13. If the email associated with your Facebook account has been changed, you can reverse this by following the steps described in the last paragraph of this article: https://t.co/MLhGANiXsm. -IK",2021-03-30 12:43:56
110,FB,"In this chapter of Women x Women, @MMATAband presents ‚ÄúHit Like a Girl‚Äù - an original song with lyrics inspired by fan comments on the @facebookapp and @instagram and powered by a collective love for music. Find the full version of the song available on Spotify and Apple Music. https://t.co/K74t9Xr6tN",2021-03-29 20:30:00
111,FB,@egoistic123 Hi there. To request a review of your disabled account please visit our Help Center for more information here: https://t.co/AvrMntRTvu. -RM,2021-03-29 19:02:14
112,FB,@realStepy Hi there. For more information on how to create a Facebook Page please visit our Help Center here: https://t.co/g32kWC1f5n. -RM,2021-03-29 19:01:27
113,FB,@DuchessofDrivel Hi there. To report unknown or unauthorized charges on your account please utilize this form from our Help Center here: https://t.co/iJgjTXMyPr. -RM,2021-03-29 18:59:41
114,FB,"@BeardyBiceps Hi there. If you cannot receive your two-factor authentication codes by phone or authentication app, there are still things you can do. Please visit our Help Center for more information here: https://t.co/OyK6VFmx96. -RM",2021-03-29 18:59:07
115,FB,@BethChallenge Hi there. We understand your concern. For more information on how to report privacy violations for children under 13 please visit our Help Center here: https://t.co/RhDaxivOwX. -RM,2021-03-29 18:57:47
116,FB,@JohnPullum Hi there. We welcome your suggestions and ideas. Feel free to provide your feedback by following these steps in order to help us improve our features:  https://t.co/gRpkfcrxm2. -RM,2021-03-29 18:54:50
117,FB,@dipub1982 Hi there. We understand your concern. Please visit our Help Center for more information on how to report an impersonation account here: https://t.co/vSEG9BnTso. -RM,2021-03-29 18:47:05
118,FB,@sikandar_ram Hi there. We understand your concern. Please visit our Help Center for more information on how to report an impersonation account: https://t.co/vSEG9BFuQY. -RM,2021-03-29 18:46:19
119,FB,@DevineCarama Hi there. For help troubleshooting a disabled account please visit our Help Center for more information here: https://t.co/3r4g9jlD28. -RM,2021-03-29 18:45:00
120,FB,"Women make history when they find each other. Especially this past year, they used our apps to connect and collaborate with one another. We asked @MMATAband to tell us what women supporting other women means to them and how that support has positively affected their lives. https://t.co/y5MEcmHJjd",2021-03-29 18:30:00
121,FB,@VT_anonymous Hi there. For more information on how to report a feature that isn't working please visit our Help Center here: https://t.co/gRpkfcJ8dA. -RM,2021-03-26 22:02:34
122,FB,"@Dodaritting Hi there. First, we would recommend trying to update your app or accessing the app from a different browser. However, if you are still experiencing issues please visit our Help Center to report a problem: https://t.co/rAFjFP5M8Y. -RM",2021-03-26 22:01:34
123,FB,"@ewok_weechee Hi there. For more information on resetting your password, please visit our Help Center here: https://t.co/OkWaQaCpKo. -RM",2021-03-25 17:19:43
124,FB,@zombiekilluh20 Hi there. We understand your concern. If you would like to request a review of your disabled account please visit our Help Center here: https://t.co/AvrMnu9un2. -RM,2021-03-25 17:18:25
125,FB,@shahzadqrsha Hi there. For more information on how to report a feature that isn't working please visit our Help Center here: https://t.co/rAFjFP5M8Y. -RM,2021-03-24 22:13:22
126,FB,@anurag_nepal14 What an amazing memory to look back on again and again! üåü -RM,2021-03-24 22:00:19
127,FB,@larryjo30751999 Hi there. For assistance with receiving a security code from Facebook please visit our Help Center here: https://t.co/TEZngLlje3. -RM,2021-03-24 21:50:12
128,FB,@DennyAlfonso Thank you so much for sharing! üåü -RM,2021-03-24 20:37:43
129,FB,@AmPartho1 Hi there. Please visit the Messenger Help Center to report an issue with the app here: https://t.co/Q45qfoSkuy. -RM,2021-03-24 20:29:33
130,FB,"Together, people have raised over $5 billion for nonprofits and personal causes through fundraisers on Facebook and @instagram ‚ù§
Ôøº
Thanks to everyone who‚Äôs been a part of this magic ‚ú®

https://t.co/hZ050sAmWT",2021-03-23 16:40:51
131,FB,"@mailmeujjwal Happy birthday, Ujjwal! From our team to you. üéÇ -RM",2021-03-22 20:43:00
132,FB,@smd_taqui Hi there. For help with disabled ads please visit our Help Center for more information here: https://t.co/3r4g9jlD28. -RM,2021-03-22 19:38:44
133,FB,@WaelLabban Hi there. We welcome all suggestions and ideas. You can also give us your feedback by following these steps in order to help us improve our features:  https://t.co/gRpkfcJ8dA. -RM,2021-03-22 19:36:54
134,FB,@TurboTelytJimbo Hi there. For more help reporting an issue with your Messenger account please visit our Help Center here: https://t.co/Q45qfp9Vm6. -RM,2021-03-22 19:35:43
135,FB,@atriuminv Hi there. We understand your concern. For more assistance with your disabled ad account please visit our Help Center here: https://t.co/3r4g9jlD28. -RM,2021-03-22 19:31:59
136,FB,@jlccreativecopy It's great to hear that you're enjoying the new features! üåü -RM,2021-03-22 19:27:45
137,FB,@88k_mac Hi there.  Please contact the Facebook Business Page for assistance with what you're experiencing on your Page. You can reach them here: https://t.co/Qb2JURxjFg. -RM,2021-03-22 19:26:57
138,FB,"@ccaitlynl1 Hi there. If you believe your account was taken over by someone else, please secure it here: https://t.co/Xn9mCxzAZJ. -RM",2021-03-22 19:22:33
139,FB,RT @schrep: Here‚Äôs some mind-blowing technology being developed by @boztank and his team for our AR glasses: wrist-based sensors that let y‚Ä¶,2021-03-18 21:57:43
140,FB,"We condemn acts of xenophobia, violence and intolerance ‚Äî and call for anti-Asian hate to stop.  To the Asian community and everyone who has been impacted and hurt by recent events, we see you and stand with you. #StopAsianHate https://t.co/9k9vc6MIPQ",2021-03-17 23:00:25
141,FB,"@WahalaBiCycle Thank you, @WahalaBiCycle! We're really excited about this program. ‚ú® -RM",2021-03-16 19:28:41
142,FB,@Icyhotirl Hi there. For more information about memorializing Facebook accounts please visit our Help Center here: https://t.co/8CcNxX87b1. -RM,2021-03-16 19:18:56
143,FB,@NirajKrSingh07 Hi there. We are always looking for new ways to improve Facebook. You can provide us your feedback by following these steps in order to help us improve our features:  https://t.co/gRpkfcJ8dA. -RM,2021-03-16 19:16:01
144,FB,@VanityConstance Hi there. For help resetting your Facebook password please visit our Help Center here: https://t.co/3GZAsEeB13. -RM,2021-03-16 19:15:24
145,FB,@ZiOrim Thank you for the kind words @ziorim! We're so happy to be able to connect people all around the world. üåü -RM,2021-03-15 19:01:58
146,FB,@CeemoneySupreme That's great @ceemoneysupreme! We can't wait to see what your business does next. üåü -RM,2021-03-15 19:00:31
147,FB,@HipHopDance_09 Hi there. To learn how to manage your memories please visit our Help Center for more information here: https://t.co/r9vnoIbEBY. -RM,2021-03-15 18:59:42
148,FB,@AdvPardeepKhtri It's great to be able to look back on the good times. Thank you for sharing. ‚ù§Ô∏è -RM,2021-03-15 18:57:53
149,FB,"Women make history when they find each other. Especially this past year, they used Facebook apps to collaborate. We asked @L0VEISPROJECT's  Chrissie &amp; Gladys Lam to tell us what women supporting other women means to them and how that support has positively affected their lives. https://t.co/GZ1FPM4Yd5",2021-03-15 16:29:53
150,FB,"By working closely with health authorities, we hope to help you get credible information, get vaccinated and come back together safely ‚ù§Ô∏è

Learn more: https://t.co/ylnDRITZ2o",2021-03-15 16:27:52
151,FB,"‚óæÔ∏èTo continue addressing COVID-19 vaccine misinfo, we‚Äôre adding labels to posts about vaccines that show credible info from @WHO.
 
‚óæÔ∏èWe're sharing real-time trends in vaccinations, intent to get vaccinated and reasons for hesitancy with public officials to inform their work. https://t.co/fhUvxRVjtS",2021-03-15 16:27:51
152,FB,"‚óæÔ∏èOn @Instagram, you'll see a new COVID Information Center where you'll get credible info about the virus from experts. 

‚óæÔ∏èOn @Whatsapp, we‚Äôre working directly with health authorities and governments to get people registered for vaccinations. https://t.co/2siXdz1LH6",2021-03-15 16:27:49
153,FB,"Today we're sharing our plan to help get people vaccinated against COVID-19. We're doing this in a few different ways.
 
‚óæÔ∏èOn Facebook, you'll see a new tool connecting you to info about where and when to get a COVID-19 vaccine. https://t.co/PwPyho0Frq",2021-03-15 16:27:48
154,FB,"@PhoebeEBroad Quarantined with Toddlers is an amazing Facebook Group, Phoebe. Thanks for getting involved! Happy #WomensHistoryMonth. üíï -JR",2021-03-12 14:16:35
155,FB,"@sharonlovoy Hi there. You can adjust your birthday notifications in Settings on your Facebook account. For more information on toggling your notifications, please visit the Help Center here: https://t.co/YIKIkN4DgK. -RM",2021-03-10 19:26:46
156,FB,RT @FBRealityLabs: Today we‚Äôre sharing our vision for a new type of interface‚Äîa human-centric interface‚Äîour research teams at Facebook Real‚Ä¶,2021-03-09 18:58:33
157,FB,"Women make history when they find each other. Women like Glynn Pogue who is a writer, a podcaster, and a part of the @GenWomenUS community. In this chapter of Women x Women, Glynn reads a poem she wrote about women who inspired and shaped who she is today. https://t.co/j0FyyFWzFx",2021-03-08 21:00:01
158,FB,"And check out the new Community Help category on Facebook. Organize drives and collect essential items like clothes and feminine hygiene products for underserved women and girls. ‚ù§Ô∏è
 
https://t.co/KzGPJLN6YI https://t.co/2T9jWCfLX4",2021-03-08 17:29:16
159,FB,"Shoutout a leading lady in your life. Use #shoutout and #IWD2021 on Facebook and more to find and share inspiring stories. üôå

https://t.co/F3lPl05HAd",2021-03-08 17:29:15
160,FB,"Don‚Äôt forget to share new @Instagram story stickers too. These were designed by women around the world. ‚ú®
 
https://t.co/NUlcyqjoX0",2021-03-08 17:29:15
161,FB,"Giving it up for women on #InternationalWomensDay and every day. üëè Here are some ways to support and celebrate women with our apps.

On @Messenger, send these new stickers to honor the women in your life and the ones who‚Äôve paved the way.
 
https://t.co/mX22dhf4ux",2021-03-08 17:29:15
162,FB,"Women make history when they find each other. Especially this year, they used Facebook apps to collaborate with one another. We asked @GenWomenUS to tell us what women supporting other women means to them and how that support has positively affected their lives. https://t.co/9dHH8e2RPI",2021-03-08 15:00:02
163,FB,"RT @WhatsApp: Sometimes you just need a little more space. Secure and reliable, end-to-end encrypted voice and video calls are now availabl‚Ä¶",2021-03-04 17:58:27
164,FB,"@SweetBeeOHTEE Thank you for bringing this to our attention. We identify our reports through a combination of technology and human review. We are always improving and appreciate your feedback, and we're committed to better differentiate between different types of content. -RM",2021-03-03 18:01:36
165,FB,"@mansfieldr Hi, Robert. Please contact the Facebook Business Page for assistance with what you're experiencing in regards to ad billing. You can reach them here: https://t.co/Qb2JURxjFg. -RM",2021-03-02 21:03:35
166,FB,"And the women who keep pushing forward, despite the setbacks.

You‚Äôre the real MVPs ‚ù§Ô∏è https://t.co/GDOVNsvFp2",2021-03-01 23:14:02
167,FB,And the women who created twice as many Facebook fundraisers as men and made twice as many donations. https://t.co/p2QJM62o70,2021-03-01 23:14:02
168,FB,"Happy #WomensHistoryMonth  Shoutout to the women who get.stuff.done.üí™‚ú®üôå

Like the women in the US who created 2.7x more COVID-19 Facebook support groups than men. https://t.co/kWUp5jEpe2",2021-03-01 23:14:00
169,FB,RT @facebookapp: We are surrounded by women changing the game and it‚Äôs time üëè we üëèüèΩ recognized üëèüèø them üëèüèª . #ShoutOut a leading lady in you‚Ä¶,2021-03-01 22:40:57
170,FB,"@Saweetie We'll be there! üòé  Black History isn't a month, it's written every day.",2021-03-01 22:34:52
171,FB,"RT @instagram: Live Rooms has entered that chat üëÄ 

Today we‚Äôre rolling out a way for you + three other people to go Live together and do y‚Ä¶",2021-03-01 20:55:22
172,FB,"@leah_buege We welcome your suggestions and ideas, Leah. You can submit your feedback by following these steps in order to help us improve our features:  https://t.co/gRpkfcJ8dA. -RM",2021-03-01 18:27:51
173,FB,"‚ÄúBlack History is timeless. Each day we are living the stories we have been waiting for.‚Äù - Bradford Young

This film shares words of people writing Black History across @facebookapp and @instagram every day. Their collective history can‚Äôt be contained to 28 days of February. https://t.co/t23y2BoPPl",2021-03-01 18:00:01
174,FB,"Brian R. Jr. is writing Black History as he sets out to be the first Black U.S. snowboarder in the Winter Olympics. On Instagram, he‚Äôs setting a daily example for the next generation by changing the perception of what a snowboarder can be. https://t.co/Ye79qhqDjk",2021-02-26 15:19:25
175,FB,"Kevin M. and Will B. are writing Black History as the classical, hip hop duo behind Black Violin. Together, they bring Black Boy Joy to Instagram through their music, which is redefining the power of the violin every time they play. https://t.co/AYcZXrE65t",2021-02-26 15:18:28
176,FB,"Chef Edouardo is writing Black History by honoring the recipes of his ancestors at his two Seattle restaurants, Salare and JuneBaby. He brings Black Boy Joy to Facebook by sharing everything from new culinary adventures to foraging ingredients in the forest with his son. https://t.co/zLNaQj70lP",2021-02-26 15:17:55
177,FB,"In this chapter of ‚ÄúBlack History Written By,‚Äù Academy award-winning cinematographer and director Bradford Young tells the stories of a chef, snowboarder and musicians who embody their own version of  Black Boy Joy as they write Black History every day. https://t.co/5kzpvlvNxs",2021-02-26 15:16:29
178,FB,"Every business starts with an idea, and good ideas deserve to be found. Personalized ads make that possible.

Good Ideas Deserve To Be Found https://t.co/0No8lmClRp https://t.co/2eRDKxOM0E",2021-02-25 14:00:01
179,FB,"You üëè did üëè that üëè

Thank you to everyone who has come together to support people affected by the winter storm and power outage crisis in Texas. 

Together you've posted and commented 27M times about the news and donated more than $1.2M on Facebook and Instagram ‚ù§Ô∏è https://t.co/4KXznTsmoJ",2021-02-24 16:32:01
180,FB,"@_junze Hello Baba. If you think we made a mistake, please fill out this form to ask us to take another look: https://t.co/TyFr3fGSno. -IK",2021-02-23 13:26:58
181,FB,"Great news about the US rejoining the Paris Agreement üëè We plan to do our part by meeting our goals on net zero emissions, using 100% renewable energy and reducing greenhouse gas emissions üåé 

It‚Äôs on all of us to limit global warming and climate change. https://t.co/aOLrAqpiVd",2021-02-19 18:46:56
182,FB,"@IgnoredAlready Please let us know more details about the circumstances of losing your access to the account, and we will let you know how to resolve your issue. -IK",2021-02-19 15:43:04
183,FB,@Newittc82 Hi Chris. Here are some things that you can try if you had requested a new password but haven't received your password reset email: https://t.co/OkWaQaCpKo. Hope this helps. -IK,2021-02-19 15:36:03
184,FB,"@EllieHayesMO Hello Ellie. Please let us know more details about the circumstances, and we'll advise on the next steps. -IK",2021-02-19 15:33:33
185,FB,"@_junze Hi, Baba. Please check the most common reasons why you might not be able to send messages on Marketplace here: https://t.co/IFs4CtnYzj. Hope this helps. -IK",2021-02-19 15:32:08
186,FB,@advilz_ Hi Ade. The best place to seek help with your account is through the Help Center: https://t.co/tNHbvHi9y7. -VN,2021-02-18 17:40:38
187,FB,"@PsBoers Hi Pam, if you think your account was disabled by mistake, please enter the following information and we will consider your profile for review: https://t.co/AvrMnu9un2. -IK",2021-02-18 14:52:56
188,FB,"@CohoWhitley Hi Whitley. Please refer to this Help Center article to troubleshoot the problem with how Facebook appears in the browser: https://t.co/X3fgB2XzXk. We hope this will help, and we'll be able to meet little Facebook one day. -IK",2021-02-18 14:44:02
189,FB,"@kayleigh198385 Hi Kay, you can secure your account here: https://t.co/Xn9mCxi08b. If the problem continues, please contact us providing the details via this form, and we'll have a look: https://t.co/gZwdkBX22K. -IK",2021-02-18 14:42:55
190,FB,"@Danny42382414 Hi, Danny. Thanks for reaching out. If you‚Äôre having trouble logging into your account, please visit our Help Centre to learn how to troubleshoot your issue: https://t.co/BfdAgaFAmE. Hope this helps. -JR",2021-02-17 16:36:28
191,FB,"üñ§üñ§üñ§ @wetheculture 

https://t.co/Q4lAPYB0yh",2021-02-16 22:38:06
192,FB,"Ashley creates spaces for Black voices every day.

‚ÄúProviders have to check their biases and understand the problems that are prevalent in our country. Because right now they are blind to it, and so they don't recognize our voice.‚Äù https://t.co/ItwURm20KC",2021-02-12 23:11:12
193,FB,"Black women disproportionately face complications during childbirth, making Na‚Äôimah's work invaluable.
 
""This baby is coming into being for the first time and that is so instrumental in determining how they move forward. For me, it‚Äôs THE way we make intergenerational change."" https://t.co/B65HDyG27I",2021-02-12 23:11:04
194,FB,"Black health matters üñ§  Today we celebrate two women who are healing their communities.
 
Na‚Äôimah is a doula supporting moms in childbirth.
 
Ashley advocates for free mental health for the Black community.
 
https://t.co/VW71TqGwCq",2021-02-12 23:10:56
195,FB,"RT @instagram: ‚ÄúThe rise in anti-Asian hate crimes have cast a shadow of fear over our community but we are speaking up now.‚Äù
‚ÄîCivil rights‚Ä¶",2021-02-12 20:12:12
196,FB,"RT @facebookapp: Lunar New Year is a special moment for families in Asia and across the globe. While it's a celebratory occasion, this past‚Ä¶",2021-02-12 20:08:58
197,FB,RT @fbnewsroom: We're running the largest worldwide campaign to promote authoritative information about COVID-19 vaccines. https://t.co/AVD‚Ä¶,2021-02-08 18:06:38
198,FB,"RT @facebookapp: As we celebrate #BlackHistoryMonth, this powerful rendition of Theresa tha SONGBIRD's poem ‚ÄúYou So Black‚Äù honors the indiv‚Ä¶",2021-02-05 17:48:45
199,FB,"@nh4thy In such case, please fill in this form to report your email address being used by another account: https://t.co/tRo7PpPMf6. -IK",2021-02-04 14:28:32
200,FB,"@Readyplayer1n Hi, there. If you're having trouble logging in, please visit our Help Center for troubleshooting tips: https://t.co/xQ599Hs15K. -RM",2021-02-03 21:27:40
201,FB,"@LEDware Hi, there. Please contact the Facebook Business Page for support with your ads account here: https://t.co/Qb2JURxjFg. -RM",2021-02-03 21:27:12
202,FB,"@MannsTheresa Hi, there. If you're having trouble logging in, please visit our Help Center for troubleshooting tips: https://t.co/oNUCsNFlpJ. -RM",2021-02-03 21:26:18
203,FB,"@kaae_x3 Hi, there. If you are having trouble accessing your account please visit our Help Center for troubleshooting tips: https://t.co/xQ599Hs15K. -RM",2021-02-03 20:12:36
204,FB,"@PicaPearl Hi, there. If you are having trouble logging into your account please visit our Help Center for troubleshooting tips: https://t.co/xQ599Hs15K. -RM",2021-02-03 20:11:47
205,FB,"@dlford Hi, there. Please contact the Facebook Business Page for support with your ad account here: https://t.co/Qb2JURxjFg. -RM",2021-02-03 20:07:19
206,FB,"Black History is written every day. It is constantly shaped by people who are living their stories out loud. 

The movements created by the Black community are constantly making waves around the world. Together, building a rich and diverse legacy that transcends time. https://t.co/o76qn2piVh",2021-02-03 19:19:17
207,FB,@JovankaCiares Hi Jovanka. Please allow more time for the review of your disabled account. -IK,2021-02-03 15:55:56
208,FB,@fa2queeny Please fill in this form to contact the relevant Facebook team in such case: https://t.co/gZwdkCeCUi. -IK,2021-02-03 15:51:58
209,FB,"@nh4thy Please open the Support Inbox on your desktop, choose the report from the list, and click on Request Another Review. -IK",2021-02-03 15:51:26
210,FB,"@JovankaCiares Hi Jovanka. If you think your account was disabled by mistake, please use this form to request a review: https://t.co/fmlccOi8O0. -IK",2021-02-02 14:03:14
211,FB,"@eveypede Thank you for sharing the BHM love, Evelyne. ‚ú® -VN",2021-02-01 23:17:06
212,FB,This work and this celebration isn't limited to just one month or one year and we‚Äôll keep sharing updates about the work we‚Äôre doing.,2021-02-01 20:52:54
213,FB,"We‚Äôre also sharing updates on how we're investing in Black communities. 

We‚Äôre committing $10M toward the Facebook Black Gaming Creator Program. Since June, we‚Äôve given grants to over 10K businesses. And we‚Äôve spent more than $1.1B with diverse-owned US businesses. https://t.co/IGYbvBBHU8",2021-02-01 20:52:54
214,FB,"Black history is written every day. üñ§

Black creators and community leaders are making their mark on the world and we're celebrating Black History Month by elevating Black voices, business and stories. 

https://t.co/v7sdmRlVeB",2021-02-01 20:52:53
215,FB,"@The_RedW0lf Hi there. Facebook Dating is gradually rolling out to the Facebook app on Android and iOS. This may take a while, so stay tuned for your app updates! -IK",2021-02-01 17:09:20
216,FB,"@dalegstine Hi there, please use this form to tell us about the issue you're experiencing: https://t.co/gZwdkCeCUi. -IK",2021-02-01 17:08:53
217,FB,"@Kulboishny Please check the advice shared in our Help Center: https://t.co/ZeIulKzILb. In case this doesn't resolve the problem, please fill in this form to report the issue to us: https://t.co/gZwdkCeCUi. -IK",2021-02-01 17:08:21
218,FB,"@hlnetz We require everyone to be at least 13 years old before they can open an account. If your daughter fulfils the minimum age requirement, she can fill in this form to let us know about the problem with creating a Facebook profile: https://t.co/bigAARZQJz. -IK",2021-02-01 17:07:57
219,FB,@Jessy_unusual Please let us know about your case by filling in this form to share more details: https://t.co/gZwdkBX22K. -IK,2021-02-01 17:06:48
220,FB,@fa2queeny We would be happy to assist you. Could you please let us know more about the issue that you're experiencing? -IK,2021-02-01 17:05:59
221,FB,"@nh4thy Hi, you can ask us to verify our moderation decision via your Support Inbox: https://t.co/tQvWzDOpkY. -IK",2021-02-01 17:05:50
222,FB,"@bigolpoofter Please report this profile to us, and we'll have a look: https://t.co/4ngyOyeeHo. -IK",2021-02-01 17:05:36
223,FB,"@cubsguy2 Hi, there. If you believe your account was taken over by someone else, please secure it here: https://t.co/Xn9mCxzAZJ. -RM",2021-01-28 19:08:44
224,FB,"@DJLucasMed Hi there. If you believe your account was taken over by someone else, please secure it here: https://t.co/Xn9mCxzAZJ. -RM",2021-01-25 21:41:39
225,FB,"@TheIceMenny Hi there. If you believe your account was taken over by someone else, please secure it here: https://t.co/Xn9mCxzAZJ. -RM",2021-01-25 21:40:58
226,FB,"@waly42008244 Hi there. For more information about logging in, please visit our help center here: https://t.co/BlllnQyhKf. -RM",2021-01-25 21:40:18
227,FB,@arothman Hi there. We understand your frustration. For more information about how to create and manage paid events on Facebook please visit our Business Help Center here: https://t.co/EXM7qL4mBi. -RM,2021-01-22 21:11:13
228,FB,"@ParmarArjun7 Hi, there. You can find more information on how to reset a new password without having access to your attached email address by visiting our Help Center here:https://t.co/oNUCsNFlpJ. -RM",2021-01-22 20:57:27
229,FB,@MalikRiazReal Hi there. We encourage you to leave feedback on Facebook features you'd like to see here: https://t.co/gRpkfcJ8dA. -RM,2021-01-22 20:42:43
230,FB,"@PritamH27240483 Hi there. If you believe your account was taken over by someone else, please secure it here: https://t.co/Xn9mCxzAZJ. -RM",2021-01-22 20:33:33
231,FB,"@bean_ethan Hi there. If you think your account has been hacked or taken over, you can visit this page to secure it: https://t.co/Xn9mCxzAZJ. -RM",2021-01-22 20:33:06
232,FB,"@angadkumar14 Hi there. If you believe your account has been hacked or taken over, you can visit this page to secure it: https://t.co/Xn9mCxzAZJ. -RM",2021-01-22 19:00:00
233,FB,"@myopinionsic If you believe your account was taken over by someone else, please secure it here: https://t.co/Xn9mCxzAZJ. -RM",2021-01-20 00:09:52
234,FB,@TenshiOkami Hi Tenshi. We take your privacy extremely seriously at Facebook. Learn more about controlling your privacy settings here: https://t.co/aGzIn3Kcfj. -RM,2021-01-20 00:08:51
235,FB,"@HaydenDaughters Hi there. If you think your account has been hacked or taken over, you can visit this page to secure it: https://t.co/Xn9mCxzAZJ. -RM",2021-01-20 00:07:06
236,FB,"The iconic NYC Coogan's restaurant is still paying it forward, even after shutting its doors üôè

Grateful for how they're using Facebook to give back to their community ‚ù§Ô∏è
Ôøº
https://t.co/EkLHqX6RbQ",2021-01-12 21:20:49
237,FB,"@ovflowd Hi, if you think your account was disabled by mistake, please use this form to request a review: https://t.co/tDbSnbNLyu. Hope this helps. -IK",2021-01-06 16:23:58
238,FB,"@Kodak24 If your mom has used all the options listed in our Help Center, and still have problems with login into her account, she can fill in this form to let us know about the issues that she had been experiencing: https://t.co/gZwdkCeCUi. -IK",2021-01-06 16:23:27
239,FB,"@TenFourEverton If you think your account has been hacked or taken over, you can visit this page to secure it: https://t.co/kyNwCXofJa. -AS",2021-01-05 17:14:55
240,FB,"@EjanlaJaphet Hi there. Thank you for your message. If your account has been disabled, you'll need to submit an appeal using the email that was connected to your Facebook account. For more information please go to our Help Centre page: https://t.co/9I5m4gEi5t. -JR",2021-01-05 17:10:41
241,FB,@rahulgemini1906 You can learn how to reclaim your Page in our Help Center: https://t.co/ih8uo71jKr. -AS,2021-01-05 17:05:57
242,FB,"@KerryMunro7 Hi, Kerry. Thank you for your message. If your account has been disabled, you'll need to submit an appeal using the email that was connected to your Facebook account. For more information please go to our Help Centre page: https://t.co/9I5m4gEi5t. -JR",2021-01-05 17:04:48
243,FB,"Happy New Year! üéâ 

We‚Äôre thrilled we could be a part of so many celebrations around the world. 

Wishing you and yours a safe and healthy 2021. ‚ù§Ô∏è https://t.co/sT6p3V7ct4",2021-01-01 22:26:22
244,FB,"@bluso_m Hello Gina. If you think your business account has been disabled, please visit our Business Help Center for more information:¬†https://t.co/3r4g9jlD28. -SC",2020-12-28 00:08:29
245,FB,"@AmakaVirginia1 Hi Amaka. For support with a disabled account, please visit our Help Center: https://t.co/phDMxg0uAE. -SC",2020-12-28 00:07:46
246,FB,@haleybrueck Hi Haley. What specific help are you looking for? -SC,2020-12-28 00:02:06
247,FB,"@_flickerofnjh We appreciate you reaching out, Izzy. We welcome you to share your feedback with us so we can improve the Facebook experience for everyone: https://t.co/gRpkfcJ8dA. -SC",2020-12-21 22:27:20
248,FB,"@rajeshp29103379 Hi Rajesh. If your account has been disabled, please visit our Help Center for more information and next steps: https://t.co/qHtfABEq7Y. -SC",2020-12-21 22:11:44
249,FB,@BlizzardTerrak Hi there. You can reach out to the Facebook Business Page regarding the issue with your Page here: https://t.co/s3UdvvTPYh. -KY,2020-12-21 19:20:11
